"Source","Target","Weight"
"Peru",""" PRO FAMILIA , PRO VIDA INTERNACIONAL""",1
"Costa Rica","2.0 Marxismo Cultural",1
"Mexico","ABORTO NUNCA M√ÅS, M√âXICO",1
"Mexico","Abogados antifeministas",1
"Mexico","Abogados, Polit√≥logos e Internacionalistas Antifeministas",1
"Mexico","Antifem Prensa",1
"Mexico","Antifeminismo",1
"Mexico","Argumentos contra la Ideolog√≠a de G√©nero",1
"Argentina","Argumentos y Memes contra el Feminismo üîµ",1
"El Salvador","BAF",1
"Colombia","Capitalismo patriarcal",1
"Argentina","Chinda Brandolino",1
"Peru","Colectivo AntiFeminazi",1
"El Salvador","Colectivo Antifeminista",1
"Mexico","Comando Cobra: Activismo Provida Antifeminista",1
"Mexico","Comando Provida Antifeminista",1
"Colombia","Comunidad RedPill Latina",1
"Argentina","Con Aborto no te VOTO",1
"Peru","Con Mis Hijos No Te Metas",1
"Peru","Con Mis Hijos No Te Metas""",1
"Argentina","Con Mis Hijos No te Metas - Argentina",1
"Chile","Con mis Hijos no te metas Chile",1
"Chile","Con mis Ni√±os No te Metas",1
"Mexico","Conciencia y Derechos Humanos",1
"Mexico","Congreso Iberoamericano por la Vida y la Familia",1
"Peru","Conmishijosnotemetas",1
"European Union","Contra La Ideolog√≠a de G√©nero",1
"European Union","Contra el hembrismo y la misandria",1
"Argentina","Derechos Del Hombre Por Igualdad",1
"Colombia","Derechos de los hombres",1
"Argentina","El Demoledor - Cr√≠tica al Feminismo",1
"Colombia","El Patriarcado Opresor",1
"Peru","El soberano del Patriarcado",1
"North America","Familia Dise√±o Original",1
"Argentina","Feminismo cient√≠fico",1
"Mexico","Frente Fuerte por la Familia",1
"Mexico","Frente Nacional x la Familia San Mateo Atenco",1
"Costa Rica","Ideolog√≠a De G√©nero No Va",1
"Ecuador","Ideolog√≠a de G√©nero",1
"Mexico","Jovenes Pro-Vida M√©xico",1
"European Union","LA VERDAD SOBRE LA IDEOLOGIA DE G√âNERO   #LaVerdadSobreLaIdeologiaDeGenero",1
"Colombia","La Madrina del Patriarcado",1
"Mexico","La Resistencia Mx",1
"Bolivia","La filosof√≠a Red Pill",1
"Bolivia","Latinoam√©rica Unida por la Familia Natural y la Vida",1
"Argentina","Libertad y Equidad : Contra el Feminismo Autoritario",1
"Ecuador","Mamela",1
"Costa Rica","Manuel Mendoza: STEM, ate√≠smo, antifeminismo y m√°s v2.0",1
"Mexico","Masculinismo Liberal",1
"European Union","Masculinismo: La igualdad de todos",1
"Mexico","Memes y shitpost antifeminista",1
"Mexico","Movimiento Ola Celeste Nacional Solidaridad Vida y Familia",1
"Peru","NADIE MENOS PERU",1
"Chile","NO + Ideolog√≠a de G√©nero",1
"Bolivia","NO A LA IDEOLOG√çA DE G√âNERO",1
"Peru","NO A La Ideologia De Genero En El PERU",1
"Peru","NO a la IDEOLOG√çA de G√âNERO en el PER√ö",1
"El Salvador","Nadie Menos Centroam√©rica",1
"Peru","No a La Ideologia De Genero",1
"Bolivia","No a la Ideolog√≠a de G√©nero y a la Cultura de la Muerte en Bolivia",1
"Mexico","OLA CELESTE C√≥rdoba, Ver",1
"Argentina","Ola Celeste - Argentina",1
"Argentina","Ola Celeste- La Plata",1
"Cuba","POR LA FAMILIA ORIGINAL",1
"Peru","Parejas Reales",1
"Peru","Patri-Arcadio",1
"Mexico","Patriarcado Incorporated",1
"Mexico","Patriarcado Incorporated: The Rebirth",1
"Ecuador","Pol√≠ticamente Incorrecto",1
"El Salvador","Pro-life WORLD",1
"Costa Rica","Profesionales contra la Ideolog√≠a de G√©nero CR",1
"Peru","Red PRO VIDA Latinoam√©rica",1
"Colombia","Red Provida Latam",1
"North America","Republica Dominicana Dice NO al Matrimonio Homosexual y SI a la Familia",1
"El Salvador","Resistencia Celeste El Salvador",1
"Peru","Salvemos La Familia",1
"Mexico","Salvemos las dos Vidas",1
"El Salvador","Sistema Antifeminista",1
"Mexico","The Antifeminist Warriors 0.3",1
"Argentina","Unidad Provida",1
"Mexico","Voluntarios antifeministas",1
"Mexico","Yo Defiendo la Familia",1
"Mexico","no a la ideolog√≠a de g√©nero en M√©xico",1
"Mexico","¬°¬°Somos La Generaci√≥n Pro-vida!!",1
""" PRO FAMILIA , PRO VIDA INTERNACIONAL""","Argentina",75
""" PRO FAMILIA , PRO VIDA INTERNACIONAL""","Bolivia",119
""" PRO FAMILIA , PRO VIDA INTERNACIONAL""","Brazil",23
""" PRO FAMILIA , PRO VIDA INTERNACIONAL""","Chile",18
""" PRO FAMILIA , PRO VIDA INTERNACIONAL""","Colombia",220
""" PRO FAMILIA , PRO VIDA INTERNACIONAL""","Costa Rica",3
""" PRO FAMILIA , PRO VIDA INTERNACIONAL""","Dominican Republic",121
""" PRO FAMILIA , PRO VIDA INTERNACIONAL""","Ecuador",34
""" PRO FAMILIA , PRO VIDA INTERNACIONAL""","El Salvador",4
""" PRO FAMILIA , PRO VIDA INTERNACIONAL""","European Union",164
""" PRO FAMILIA , PRO VIDA INTERNACIONAL""","Guatemala",3
""" PRO FAMILIA , PRO VIDA INTERNACIONAL""","Institutions",65
""" PRO FAMILIA , PRO VIDA INTERNACIONAL""","International",632
""" PRO FAMILIA , PRO VIDA INTERNACIONAL""","LA",18
""" PRO FAMILIA , PRO VIDA INTERNACIONAL""","Mexico",43
""" PRO FAMILIA , PRO VIDA INTERNACIONAL""","Nicaragua",3
""" PRO FAMILIA , PRO VIDA INTERNACIONAL""","North America",150
""" PRO FAMILIA , PRO VIDA INTERNACIONAL""","Panama",4
""" PRO FAMILIA , PRO VIDA INTERNACIONAL""","Paraguay",5
""" PRO FAMILIA , PRO VIDA INTERNACIONAL""","Peru",628
""" PRO FAMILIA , PRO VIDA INTERNACIONAL""","Puerto Rico",1
""" PRO FAMILIA , PRO VIDA INTERNACIONAL""","Uruguay",1
""" PRO FAMILIA , PRO VIDA INTERNACIONAL""","Venezuela",8
""" PRO FAMILIA , PRO VIDA INTERNACIONAL""","World",148
"2.0 Marxismo Cultural","Argentina",39
"2.0 Marxismo Cultural","Bolivia",32
"2.0 Marxismo Cultural","Brazil",21
"2.0 Marxismo Cultural","Chile",11
"2.0 Marxismo Cultural","Colombia",24
"2.0 Marxismo Cultural","Costa Rica",52
"2.0 Marxismo Cultural","Ecuador",4
"2.0 Marxismo Cultural","El Salvador",2
"2.0 Marxismo Cultural","European Union",210
"2.0 Marxismo Cultural","Institutions",39
"2.0 Marxismo Cultural","International",312
"2.0 Marxismo Cultural","LA",26
"2.0 Marxismo Cultural","Mexico",34
"2.0 Marxismo Cultural","Nicaragua",11
"2.0 Marxismo Cultural","North America",220
"2.0 Marxismo Cultural","Panama",1
"2.0 Marxismo Cultural","Peru",14
"2.0 Marxismo Cultural","Uruguay",2
"2.0 Marxismo Cultural","Venezuela",27
"2.0 Marxismo Cultural","World",121
"ABORTO NUNCA M√ÅS, M√âXICO","Argentina",3098
"ABORTO NUNCA M√ÅS, M√âXICO","Bolivia",867
"ABORTO NUNCA M√ÅS, M√âXICO","Brazil",130
"ABORTO NUNCA M√ÅS, M√âXICO","Chile",59
"ABORTO NUNCA M√ÅS, M√âXICO","Colombia",388
"ABORTO NUNCA M√ÅS, M√âXICO","Costa Rica",27
"ABORTO NUNCA M√ÅS, M√âXICO","Dominican Republic",108
"ABORTO NUNCA M√ÅS, M√âXICO","Ecuador",62
"ABORTO NUNCA M√ÅS, M√âXICO","El Salvador",38
"ABORTO NUNCA M√ÅS, M√âXICO","European Union",1267
"ABORTO NUNCA M√ÅS, M√âXICO","Honduras",17
"ABORTO NUNCA M√ÅS, M√âXICO","Institutions",811
"ABORTO NUNCA M√ÅS, M√âXICO","International",4856
"ABORTO NUNCA M√ÅS, M√âXICO","LA",172
"ABORTO NUNCA M√ÅS, M√âXICO","Mexico",4097
"ABORTO NUNCA M√ÅS, M√âXICO","Nicaragua",25
"ABORTO NUNCA M√ÅS, M√âXICO","North America",1580
"ABORTO NUNCA M√ÅS, M√âXICO","Panama",2
"ABORTO NUNCA M√ÅS, M√âXICO","Paraguay",106
"ABORTO NUNCA M√ÅS, M√âXICO","Peru",104
"ABORTO NUNCA M√ÅS, M√âXICO","Puerto Rico",1
"ABORTO NUNCA M√ÅS, M√âXICO","Uruguay",18
"ABORTO NUNCA M√ÅS, M√âXICO","Venezuela",34
"ABORTO NUNCA M√ÅS, M√âXICO","World",292
"Abogados antifeministas","Argentina",246
"Abogados antifeministas","Bolivia",28
"Abogados antifeministas","Brazil",12
"Abogados antifeministas","Chile",13
"Abogados antifeministas","Colombia",43
"Abogados antifeministas","Costa Rica",3
"Abogados antifeministas","Dominican Republic",8
"Abogados antifeministas","Ecuador",7
"Abogados antifeministas","El Salvador",150
"Abogados antifeministas","European Union",93
"Abogados antifeministas","Honduras",8
"Abogados antifeministas","Institutions",39
"Abogados antifeministas","International",1188
"Abogados antifeministas","LA",53
"Abogados antifeministas","Mexico",172
"Abogados antifeministas","North America",91
"Abogados antifeministas","Peru",10
"Abogados antifeministas","Uruguay",1
"Abogados antifeministas","Venezuela",2
"Abogados antifeministas","World",113
"Abogados, Polit√≥logos e Internacionalistas Antifeministas","Argentina",119
"Abogados, Polit√≥logos e Internacionalistas Antifeministas","Bolivia",18
"Abogados, Polit√≥logos e Internacionalistas Antifeministas","Brazil",4
"Abogados, Polit√≥logos e Internacionalistas Antifeministas","Chile",7
"Abogados, Polit√≥logos e Internacionalistas Antifeministas","Colombia",24
"Abogados, Polit√≥logos e Internacionalistas Antifeministas","Costa Rica",2
"Abogados, Polit√≥logos e Internacionalistas Antifeministas","Dominican Republic",5
"Abogados, Polit√≥logos e Internacionalistas Antifeministas","Ecuador",6
"Abogados, Polit√≥logos e Internacionalistas Antifeministas","El Salvador",53
"Abogados, Polit√≥logos e Internacionalistas Antifeministas","European Union",71
"Abogados, Polit√≥logos e Internacionalistas Antifeministas","Honduras",5
"Abogados, Polit√≥logos e Internacionalistas Antifeministas","Institutions",36
"Abogados, Polit√≥logos e Internacionalistas Antifeministas","International",585
"Abogados, Polit√≥logos e Internacionalistas Antifeministas","LA",35
"Abogados, Polit√≥logos e Internacionalistas Antifeministas","Mexico",108
"Abogados, Polit√≥logos e Internacionalistas Antifeministas","North America",49
"Abogados, Polit√≥logos e Internacionalistas Antifeministas","Panama",1
"Abogados, Polit√≥logos e Internacionalistas Antifeministas","Peru",10
"Abogados, Polit√≥logos e Internacionalistas Antifeministas","Uruguay",2
"Abogados, Polit√≥logos e Internacionalistas Antifeministas","World",33
"Antifem Prensa","Argentina",194
"Antifem Prensa","Bolivia",26
"Antifem Prensa","Brazil",14
"Antifem Prensa","Chile",12
"Antifem Prensa","Colombia",60
"Antifem Prensa","Costa Rica",5
"Antifem Prensa","Dominican Republic",12
"Antifem Prensa","Ecuador",18
"Antifem Prensa","El Salvador",49
"Antifem Prensa","European Union",163
"Antifem Prensa","Honduras",11
"Antifem Prensa","Institutions",63
"Antifem Prensa","International",408
"Antifem Prensa","LA",21
"Antifem Prensa","Mexico",257
"Antifem Prensa","North America",101
"Antifem Prensa","Panama",1
"Antifem Prensa","Paraguay",3
"Antifem Prensa","Peru",31
"Antifem Prensa","Uruguay",6
"Antifem Prensa","Venezuela",6
"Antifem Prensa","World",35
"Antifeminismo","Bolivia",1
"Antifeminismo","Colombia",1
"Antifeminismo","Ecuador",1
"Antifeminismo","European Union",1
"Antifeminismo","Institutions",1
"Antifeminismo","International",1
"Antifeminismo","Mexico",3
"Antifeminismo","North America",2
"Antifeminismo","World",1
"Argumentos contra la Ideolog√≠a de G√©nero","Argentina",18
"Argumentos contra la Ideolog√≠a de G√©nero","Bolivia",10
"Argumentos contra la Ideolog√≠a de G√©nero","Brazil",5
"Argumentos contra la Ideolog√≠a de G√©nero","Chile",3
"Argumentos contra la Ideolog√≠a de G√©nero","Colombia",7
"Argumentos contra la Ideolog√≠a de G√©nero","Costa Rica",3
"Argumentos contra la Ideolog√≠a de G√©nero","Dominican Republic",1
"Argumentos contra la Ideolog√≠a de G√©nero","Ecuador",2
"Argumentos contra la Ideolog√≠a de G√©nero","El Salvador",3
"Argumentos contra la Ideolog√≠a de G√©nero","European Union",20
"Argumentos contra la Ideolog√≠a de G√©nero","Institutions",28
"Argumentos contra la Ideolog√≠a de G√©nero","International",94
"Argumentos contra la Ideolog√≠a de G√©nero","LA",4
"Argumentos contra la Ideolog√≠a de G√©nero","Mexico",131
"Argumentos contra la Ideolog√≠a de G√©nero","North America",46
"Argumentos contra la Ideolog√≠a de G√©nero","Paraguay",2
"Argumentos contra la Ideolog√≠a de G√©nero","Peru",2
"Argumentos contra la Ideolog√≠a de G√©nero","World",10
"Argumentos y Memes contra el Feminismo üîµ","Argentina",18
"Argumentos y Memes contra el Feminismo üîµ","Bolivia",17
"Argumentos y Memes contra el Feminismo üîµ","Brazil",1
"Argumentos y Memes contra el Feminismo üîµ","Chile",6
"Argumentos y Memes contra el Feminismo üîµ","Colombia",6
"Argumentos y Memes contra el Feminismo üîµ","Ecuador",2
"Argumentos y Memes contra el Feminismo üîµ","El Salvador",2
"Argumentos y Memes contra el Feminismo üîµ","European Union",27
"Argumentos y Memes contra el Feminismo üîµ","Honduras",2
"Argumentos y Memes contra el Feminismo üîµ","Institutions",10
"Argumentos y Memes contra el Feminismo üîµ","International",60
"Argumentos y Memes contra el Feminismo üîµ","LA",4
"Argumentos y Memes contra el Feminismo üîµ","Mexico",17
"Argumentos y Memes contra el Feminismo üîµ","North America",42
"Argumentos y Memes contra el Feminismo üîµ","Peru",3
"Argumentos y Memes contra el Feminismo üîµ","Venezuela",2
"Argumentos y Memes contra el Feminismo üîµ","World",14
"BAF","Argentina",1
"BAF","Bolivia",3
"BAF","Chile",1
"BAF","European Union",4
"BAF","Institutions",2
"BAF","International",1
"BAF","North America",5
"BAF","World",2
"Capitalismo patriarcal","Argentina",9
"Capitalismo patriarcal","Bolivia",8
"Capitalismo patriarcal","Brazil",2
"Capitalismo patriarcal","Chile",7
"Capitalismo patriarcal","Colombia",12
"Capitalismo patriarcal","European Union",4
"Capitalismo patriarcal","Institutions",6
"Capitalismo patriarcal","International",34
"Capitalismo patriarcal","LA",8
"Capitalismo patriarcal","Mexico",16
"Capitalismo patriarcal","North America",17
"Capitalismo patriarcal","Peru",1
"Capitalismo patriarcal","Venezuela",4
"Capitalismo patriarcal","World",14
"Chinda Brandolino","Argentina",3
"Chinda Brandolino","European Union",1
"Chinda Brandolino","International",6
"Chinda Brandolino","World",1
"Colectivo AntiFeminazi","Argentina",1
"Colectivo AntiFeminazi","Bolivia",2
"Colectivo AntiFeminazi","Honduras",1
"Colectivo AntiFeminazi","Institutions",1
"Colectivo AntiFeminazi","International",6
"Colectivo AntiFeminazi","Mexico",1
"Colectivo AntiFeminazi","North America",4
"Colectivo AntiFeminazi","Peru",7
"Colectivo Antifeminista","Argentina",13
"Colectivo Antifeminista","Bolivia",14
"Colectivo Antifeminista","Brazil",2
"Colectivo Antifeminista","Chile",5
"Colectivo Antifeminista","Colombia",15
"Colectivo Antifeminista","Ecuador",2
"Colectivo Antifeminista","El Salvador",6
"Colectivo Antifeminista","European Union",85
"Colectivo Antifeminista","Institutions",16
"Colectivo Antifeminista","International",45
"Colectivo Antifeminista","LA",4
"Colectivo Antifeminista","Mexico",18
"Colectivo Antifeminista","North America",31
"Colectivo Antifeminista","Paraguay",3
"Colectivo Antifeminista","Peru",1
"Colectivo Antifeminista","Venezuela",4
"Colectivo Antifeminista","World",14
"Comando Cobra: Activismo Provida Antifeminista","Argentina",79
"Comando Cobra: Activismo Provida Antifeminista","Bolivia",6
"Comando Cobra: Activismo Provida Antifeminista","Brazil",5
"Comando Cobra: Activismo Provida Antifeminista","Chile",1
"Comando Cobra: Activismo Provida Antifeminista","Colombia",17
"Comando Cobra: Activismo Provida Antifeminista","Dominican Republic",1
"Comando Cobra: Activismo Provida Antifeminista","Ecuador",3
"Comando Cobra: Activismo Provida Antifeminista","El Salvador",28
"Comando Cobra: Activismo Provida Antifeminista","European Union",37
"Comando Cobra: Activismo Provida Antifeminista","Honduras",3
"Comando Cobra: Activismo Provida Antifeminista","Institutions",23
"Comando Cobra: Activismo Provida Antifeminista","International",279
"Comando Cobra: Activismo Provida Antifeminista","LA",32
"Comando Cobra: Activismo Provida Antifeminista","Mexico",68
"Comando Cobra: Activismo Provida Antifeminista","North America",38
"Comando Cobra: Activismo Provida Antifeminista","Panama",1
"Comando Cobra: Activismo Provida Antifeminista","Paraguay",1
"Comando Cobra: Activismo Provida Antifeminista","Peru",7
"Comando Cobra: Activismo Provida Antifeminista","Uruguay",1
"Comando Cobra: Activismo Provida Antifeminista","Venezuela",1
"Comando Cobra: Activismo Provida Antifeminista","World",17
"Comando Provida Antifeminista","Argentina",192
"Comando Provida Antifeminista","Bolivia",24
"Comando Provida Antifeminista","Brazil",5
"Comando Provida Antifeminista","Chile",4
"Comando Provida Antifeminista","Colombia",40
"Comando Provida Antifeminista","Dominican Republic",4
"Comando Provida Antifeminista","Ecuador",3
"Comando Provida Antifeminista","El Salvador",79
"Comando Provida Antifeminista","European Union",56
"Comando Provida Antifeminista","Honduras",5
"Comando Provida Antifeminista","Institutions",32
"Comando Provida Antifeminista","International",922
"Comando Provida Antifeminista","LA",36
"Comando Provida Antifeminista","Mexico",132
"Comando Provida Antifeminista","North America",49
"Comando Provida Antifeminista","Panama",2
"Comando Provida Antifeminista","Peru",12
"Comando Provida Antifeminista","Uruguay",2
"Comando Provida Antifeminista","World",92
"Comunidad RedPill Latina","Bolivia",6
"Comunidad RedPill Latina","European Union",2
"Comunidad RedPill Latina","Institutions",1
"Comunidad RedPill Latina","International",11
"Comunidad RedPill Latina","North America",3
"Comunidad RedPill Latina","World",1
"Con Aborto no te VOTO","Argentina",161
"Con Aborto no te VOTO","Bolivia",40
"Con Aborto no te VOTO","Brazil",6
"Con Aborto no te VOTO","Chile",3
"Con Aborto no te VOTO","Colombia",4
"Con Aborto no te VOTO","Costa Rica",1
"Con Aborto no te VOTO","Dominican Republic",1
"Con Aborto no te VOTO","Ecuador",3
"Con Aborto no te VOTO","European Union",73
"Con Aborto no te VOTO","Institutions",35
"Con Aborto no te VOTO","International",200
"Con Aborto no te VOTO","LA",9
"Con Aborto no te VOTO","Mexico",27
"Con Aborto no te VOTO","North America",52
"Con Aborto no te VOTO","Paraguay",1
"Con Aborto no te VOTO","Peru",6
"Con Aborto no te VOTO","Uruguay",1
"Con Aborto no te VOTO","Venezuela",1
"Con Aborto no te VOTO","World",4
"Con Mis Hijos No Te Metas","Argentina",4
"Con Mis Hijos No Te Metas","Chile",3
"Con Mis Hijos No Te Metas","Colombia",3
"Con Mis Hijos No Te Metas","Ecuador",1
"Con Mis Hijos No Te Metas","European Union",16
"Con Mis Hijos No Te Metas","Institutions",19
"Con Mis Hijos No Te Metas","International",85
"Con Mis Hijos No Te Metas","LA",2
"Con Mis Hijos No Te Metas","Mexico",2
"Con Mis Hijos No Te Metas","North America",11
"Con Mis Hijos No Te Metas","Paraguay",1
"Con Mis Hijos No Te Metas","Peru",31
"Con Mis Hijos No Te Metas","World",2
"Con Mis Hijos No Te Metas""","Argentina",7
"Con Mis Hijos No Te Metas""","Bolivia",40
"Con Mis Hijos No Te Metas""","Brazil",27
"Con Mis Hijos No Te Metas""","Chile",2
"Con Mis Hijos No Te Metas""","Colombia",17
"Con Mis Hijos No Te Metas""","Dominican Republic",11
"Con Mis Hijos No Te Metas""","Ecuador",8
"Con Mis Hijos No Te Metas""","El Salvador",3
"Con Mis Hijos No Te Metas""","European Union",60
"Con Mis Hijos No Te Metas""","Honduras",2
"Con Mis Hijos No Te Metas""","Institutions",34
"Con Mis Hijos No Te Metas""","International",566
"Con Mis Hijos No Te Metas""","LA",5
"Con Mis Hijos No Te Metas""","Mexico",5
"Con Mis Hijos No Te Metas""","Nicaragua",3
"Con Mis Hijos No Te Metas""","North America",89
"Con Mis Hijos No Te Metas""","Panama",1
"Con Mis Hijos No Te Metas""","Paraguay",1
"Con Mis Hijos No Te Metas""","Peru",99
"Con Mis Hijos No Te Metas""","Venezuela",5
"Con Mis Hijos No Te Metas""","World",128
"Con Mis Hijos No te Metas - Argentina","Argentina",50
"Con Mis Hijos No te Metas - Argentina","Bolivia",4
"Con Mis Hijos No te Metas - Argentina","Colombia",6
"Con Mis Hijos No te Metas - Argentina","Costa Rica",1
"Con Mis Hijos No te Metas - Argentina","Dominican Republic",4
"Con Mis Hijos No te Metas - Argentina","European Union",18
"Con Mis Hijos No te Metas - Argentina","Institutions",4
"Con Mis Hijos No te Metas - Argentina","International",23
"Con Mis Hijos No te Metas - Argentina","LA",3
"Con Mis Hijos No te Metas - Argentina","North America",7
"Con Mis Hijos No te Metas - Argentina","Panama",1
"Con Mis Hijos No te Metas - Argentina","Peru",2
"Con Mis Hijos No te Metas - Argentina","World",1
"Con mis Hijos no te metas Chile","Argentina",2
"Con mis Hijos no te metas Chile","Bolivia",5
"Con mis Hijos no te metas Chile","Brazil",1
"Con mis Hijos no te metas Chile","Chile",64
"Con mis Hijos no te metas Chile","Colombia",2
"Con mis Hijos no te metas Chile","European Union",4
"Con mis Hijos no te metas Chile","Institutions",8
"Con mis Hijos no te metas Chile","International",24
"Con mis Hijos no te metas Chile","LA",2
"Con mis Hijos no te metas Chile","Mexico",3
"Con mis Hijos no te metas Chile","North America",13
"Con mis Hijos no te metas Chile","World",5
"Con mis Ni√±os No te Metas","Argentina",2
"Con mis Ni√±os No te Metas","Brazil",1
"Con mis Ni√±os No te Metas","Chile",10
"Con mis Ni√±os No te Metas","Colombia",1
"Con mis Ni√±os No te Metas","Honduras",1
"Con mis Ni√±os No te Metas","Institutions",1
"Con mis Ni√±os No te Metas","International",11
"Con mis Ni√±os No te Metas","LA",1
"Con mis Ni√±os No te Metas","Mexico",2
"Con mis Ni√±os No te Metas","North America",3
"Con mis Ni√±os No te Metas","World",4
"Conciencia y Derechos Humanos","Argentina",3
"Conciencia y Derechos Humanos","Bolivia",3
"Conciencia y Derechos Humanos","Chile",1
"Conciencia y Derechos Humanos","El Salvador",2
"Conciencia y Derechos Humanos","European Union",6
"Conciencia y Derechos Humanos","Institutions",2
"Conciencia y Derechos Humanos","International",33
"Conciencia y Derechos Humanos","LA",2
"Conciencia y Derechos Humanos","Mexico",34
"Conciencia y Derechos Humanos","North America",6
"Conciencia y Derechos Humanos","Venezuela",2
"Conciencia y Derechos Humanos","World",1
"Congreso Iberoamericano por la Vida y la Familia","Argentina",16
"Congreso Iberoamericano por la Vida y la Familia","Bolivia",14
"Congreso Iberoamericano por la Vida y la Familia","Brazil",2
"Congreso Iberoamericano por la Vida y la Familia","Chile",5
"Congreso Iberoamericano por la Vida y la Familia","Colombia",7
"Congreso Iberoamericano por la Vida y la Familia","Costa Rica",1
"Congreso Iberoamericano por la Vida y la Familia","Dominican Republic",1
"Congreso Iberoamericano por la Vida y la Familia","Ecuador",4
"Congreso Iberoamericano por la Vida y la Familia","European Union",6
"Congreso Iberoamericano por la Vida y la Familia","Honduras",1
"Congreso Iberoamericano por la Vida y la Familia","Institutions",25
"Congreso Iberoamericano por la Vida y la Familia","International",132
"Congreso Iberoamericano por la Vida y la Familia","LA",32
"Congreso Iberoamericano por la Vida y la Familia","Mexico",28
"Congreso Iberoamericano por la Vida y la Familia","North America",10
"Congreso Iberoamericano por la Vida y la Familia","Panama",1
"Congreso Iberoamericano por la Vida y la Familia","Peru",13
"Congreso Iberoamericano por la Vida y la Familia","Uruguay",3
"Conmishijosnotemetas","Argentina",1
"Conmishijosnotemetas","Bolivia",3
"Conmishijosnotemetas","Colombia",2
"Conmishijosnotemetas","European Union",4
"Conmishijosnotemetas","Institutions",3
"Conmishijosnotemetas","International",23
"Conmishijosnotemetas","LA",2
"Conmishijosnotemetas","Mexico",2
"Conmishijosnotemetas","North America",4
"Conmishijosnotemetas","Peru",23
"Conmishijosnotemetas","Venezuela",1
"Contra La Ideolog√≠a de G√©nero","Bolivia",2
"Contra La Ideolog√≠a de G√©nero","Dominican Republic",1
"Contra La Ideolog√≠a de G√©nero","European Union",10
"Contra La Ideolog√≠a de G√©nero","International",5
"Contra La Ideolog√≠a de G√©nero","LA",1
"Contra La Ideolog√≠a de G√©nero","North America",4
"Contra el hembrismo y la misandria","European Union",14
"Contra el hembrismo y la misandria","International",1
"Contra el hembrismo y la misandria","North America",1
"Derechos Del Hombre Por Igualdad","Argentina",140
"Derechos Del Hombre Por Igualdad","Bolivia",41
"Derechos Del Hombre Por Igualdad","Brazil",5
"Derechos Del Hombre Por Igualdad","Chile",10
"Derechos Del Hombre Por Igualdad","Colombia",20
"Derechos Del Hombre Por Igualdad","Costa Rica",1
"Derechos Del Hombre Por Igualdad","Dominican Republic",2
"Derechos Del Hombre Por Igualdad","Ecuador",2
"Derechos Del Hombre Por Igualdad","European Union",91
"Derechos Del Hombre Por Igualdad","Institutions",15
"Derechos Del Hombre Por Igualdad","International",101
"Derechos Del Hombre Por Igualdad","LA",16
"Derechos Del Hombre Por Igualdad","Mexico",12
"Derechos Del Hombre Por Igualdad","Nicaragua",2
"Derechos Del Hombre Por Igualdad","North America",61
"Derechos Del Hombre Por Igualdad","Paraguay",1
"Derechos Del Hombre Por Igualdad","Peru",1
"Derechos Del Hombre Por Igualdad","Venezuela",1
"Derechos Del Hombre Por Igualdad","World",10
"Derechos de los hombres","Argentina",1
"Derechos de los hombres","Bolivia",2
"Derechos de los hombres","Chile",1
"Derechos de los hombres","Colombia",3
"Derechos de los hombres","Ecuador",1
"Derechos de los hombres","European Union",1
"Derechos de los hombres","International",4
"Derechos de los hombres","Mexico",1
"Derechos de los hombres","North America",3
"Derechos de los hombres","World",1
"El Demoledor - Cr√≠tica al Feminismo","Argentina",39
"El Demoledor - Cr√≠tica al Feminismo","Bolivia",11
"El Demoledor - Cr√≠tica al Feminismo","Colombia",8
"El Demoledor - Cr√≠tica al Feminismo","Ecuador",3
"El Demoledor - Cr√≠tica al Feminismo","European Union",33
"El Demoledor - Cr√≠tica al Feminismo","Institutions",22
"El Demoledor - Cr√≠tica al Feminismo","International",64
"El Demoledor - Cr√≠tica al Feminismo","LA",1
"El Demoledor - Cr√≠tica al Feminismo","Mexico",27
"El Demoledor - Cr√≠tica al Feminismo","North America",29
"El Demoledor - Cr√≠tica al Feminismo","Peru",8
"El Demoledor - Cr√≠tica al Feminismo","Venezuela",4
"El Demoledor - Cr√≠tica al Feminismo","World",6
"El Patriarcado Opresor","North America",1
"El soberano del Patriarcado","Bolivia",1
"El soberano del Patriarcado","International",8
"El soberano del Patriarcado","North America",2
"El soberano del Patriarcado","Peru",3
"Familia Dise√±o Original","Argentina",7
"Familia Dise√±o Original","Bolivia",9
"Familia Dise√±o Original","Brazil",2
"Familia Dise√±o Original","Chile",2
"Familia Dise√±o Original","Colombia",2
"Familia Dise√±o Original","European Union",7
"Familia Dise√±o Original","Institutions",10
"Familia Dise√±o Original","International",86
"Familia Dise√±o Original","LA",4
"Familia Dise√±o Original","North America",23
"Familia Dise√±o Original","Peru",6
"Familia Dise√±o Original","World",5
"Feminismo cient√≠fico","Argentina",34
"Feminismo cient√≠fico","Bolivia",40
"Feminismo cient√≠fico","Chile",2
"Feminismo cient√≠fico","Colombia",7
"Feminismo cient√≠fico","Costa Rica",1
"Feminismo cient√≠fico","European Union",52
"Feminismo cient√≠fico","Institutions",9
"Feminismo cient√≠fico","International",88
"Feminismo cient√≠fico","LA",6
"Feminismo cient√≠fico","Mexico",4
"Feminismo cient√≠fico","North America",29
"Feminismo cient√≠fico","Peru",3
"Feminismo cient√≠fico","Venezuela",3
"Feminismo cient√≠fico","World",10
"Frente Fuerte por la Familia","Argentina",1
"Frente Fuerte por la Familia","Bolivia",9
"Frente Fuerte por la Familia","Brazil",2
"Frente Fuerte por la Familia","Chile",2
"Frente Fuerte por la Familia","Colombia",5
"Frente Fuerte por la Familia","Dominican Republic",1
"Frente Fuerte por la Familia","Ecuador",2
"Frente Fuerte por la Familia","European Union",8
"Frente Fuerte por la Familia","Institutions",3
"Frente Fuerte por la Familia","International",17
"Frente Fuerte por la Familia","LA",2
"Frente Fuerte por la Familia","Mexico",23
"Frente Fuerte por la Familia","North America",12
"Frente Fuerte por la Familia","Venezuela",2
"Frente Fuerte por la Familia","World",22
"Frente Nacional x la Familia San Mateo Atenco","Bolivia",2
"Frente Nacional x la Familia San Mateo Atenco","Brazil",1
"Frente Nacional x la Familia San Mateo Atenco","European Union",1
"Frente Nacional x la Familia San Mateo Atenco","International",4
"Frente Nacional x la Familia San Mateo Atenco","Mexico",5
"Ideolog√≠a De G√©nero No Va","Bolivia",1
"Ideolog√≠a De G√©nero No Va","Institutions",1
"Ideolog√≠a De G√©nero No Va","International",1
"Ideolog√≠a De G√©nero No Va","North America",1
"Ideolog√≠a de G√©nero","Argentina",115
"Ideolog√≠a de G√©nero","Bolivia",26
"Ideolog√≠a de G√©nero","Brazil",13
"Ideolog√≠a de G√©nero","Chile",11
"Ideolog√≠a de G√©nero","Colombia",54
"Ideolog√≠a de G√©nero","Dominican Republic",1
"Ideolog√≠a de G√©nero","Ecuador",7
"Ideolog√≠a de G√©nero","El Salvador",34
"Ideolog√≠a de G√©nero","European Union",60
"Ideolog√≠a de G√©nero","Honduras",3
"Ideolog√≠a de G√©nero","Institutions",37
"Ideolog√≠a de G√©nero","International",373
"Ideolog√≠a de G√©nero","LA",30
"Ideolog√≠a de G√©nero","Mexico",51
"Ideolog√≠a de G√©nero","North America",112
"Ideolog√≠a de G√©nero","Panama",1
"Ideolog√≠a de G√©nero","Peru",2
"Ideolog√≠a de G√©nero","Uruguay",5
"Ideolog√≠a de G√©nero","World",35
"Jovenes Pro-Vida M√©xico","Argentina",5
"Jovenes Pro-Vida M√©xico","Bolivia",11
"Jovenes Pro-Vida M√©xico","Brazil",1
"Jovenes Pro-Vida M√©xico","Chile",2
"Jovenes Pro-Vida M√©xico","Colombia",3
"Jovenes Pro-Vida M√©xico","European Union",13
"Jovenes Pro-Vida M√©xico","Institutions",10
"Jovenes Pro-Vida M√©xico","International",68
"Jovenes Pro-Vida M√©xico","LA",6
"Jovenes Pro-Vida M√©xico","Mexico",56
"Jovenes Pro-Vida M√©xico","North America",18
"Jovenes Pro-Vida M√©xico","Peru",1
"Jovenes Pro-Vida M√©xico","World",2
"LA VERDAD SOBRE LA IDEOLOGIA DE G√âNERO   #LaVerdadSobreLaIdeologiaDeGenero","Argentina",38
"LA VERDAD SOBRE LA IDEOLOGIA DE G√âNERO   #LaVerdadSobreLaIdeologiaDeGenero","Bolivia",67
"LA VERDAD SOBRE LA IDEOLOGIA DE G√âNERO   #LaVerdadSobreLaIdeologiaDeGenero","Brazil",17
"LA VERDAD SOBRE LA IDEOLOGIA DE G√âNERO   #LaVerdadSobreLaIdeologiaDeGenero","Chile",8
"LA VERDAD SOBRE LA IDEOLOGIA DE G√âNERO   #LaVerdadSobreLaIdeologiaDeGenero","Colombia",34
"LA VERDAD SOBRE LA IDEOLOGIA DE G√âNERO   #LaVerdadSobreLaIdeologiaDeGenero","Dominican Republic",2
"LA VERDAD SOBRE LA IDEOLOGIA DE G√âNERO   #LaVerdadSobreLaIdeologiaDeGenero","Ecuador",5
"LA VERDAD SOBRE LA IDEOLOGIA DE G√âNERO   #LaVerdadSobreLaIdeologiaDeGenero","European Union",525
"LA VERDAD SOBRE LA IDEOLOGIA DE G√âNERO   #LaVerdadSobreLaIdeologiaDeGenero","Institutions",161
"LA VERDAD SOBRE LA IDEOLOGIA DE G√âNERO   #LaVerdadSobreLaIdeologiaDeGenero","International",314
"LA VERDAD SOBRE LA IDEOLOGIA DE G√âNERO   #LaVerdadSobreLaIdeologiaDeGenero","LA",20
"LA VERDAD SOBRE LA IDEOLOGIA DE G√âNERO   #LaVerdadSobreLaIdeologiaDeGenero","Mexico",18
"LA VERDAD SOBRE LA IDEOLOGIA DE G√âNERO   #LaVerdadSobreLaIdeologiaDeGenero","Nicaragua",1
"LA VERDAD SOBRE LA IDEOLOGIA DE G√âNERO   #LaVerdadSobreLaIdeologiaDeGenero","North America",122
"LA VERDAD SOBRE LA IDEOLOGIA DE G√âNERO   #LaVerdadSobreLaIdeologiaDeGenero","Paraguay",1
"LA VERDAD SOBRE LA IDEOLOGIA DE G√âNERO   #LaVerdadSobreLaIdeologiaDeGenero","Peru",13
"LA VERDAD SOBRE LA IDEOLOGIA DE G√âNERO   #LaVerdadSobreLaIdeologiaDeGenero","Uruguay",3
"LA VERDAD SOBRE LA IDEOLOGIA DE G√âNERO   #LaVerdadSobreLaIdeologiaDeGenero","Venezuela",27
"LA VERDAD SOBRE LA IDEOLOGIA DE G√âNERO   #LaVerdadSobreLaIdeologiaDeGenero","World",66
"La Madrina del Patriarcado","Argentina",3
"La Madrina del Patriarcado","Bolivia",11
"La Madrina del Patriarcado","Brazil",1
"La Madrina del Patriarcado","Colombia",33
"La Madrina del Patriarcado","Ecuador",1
"La Madrina del Patriarcado","European Union",15
"La Madrina del Patriarcado","Institutions",19
"La Madrina del Patriarcado","International",40
"La Madrina del Patriarcado","LA",1
"La Madrina del Patriarcado","Mexico",13
"La Madrina del Patriarcado","North America",22
"La Madrina del Patriarcado","Paraguay",1
"La Madrina del Patriarcado","Peru",1
"La Madrina del Patriarcado","Venezuela",1
"La Madrina del Patriarcado","World",3
"La Resistencia Mx","Argentina",3
"La Resistencia Mx","Bolivia",29
"La Resistencia Mx","Colombia",12
"La Resistencia Mx","Ecuador",2
"La Resistencia Mx","European Union",64
"La Resistencia Mx","Institutions",22
"La Resistencia Mx","International",70
"La Resistencia Mx","LA",7
"La Resistencia Mx","Mexico",133
"La Resistencia Mx","Nicaragua",1
"La Resistencia Mx","North America",33
"La Resistencia Mx","Paraguay",1
"La Resistencia Mx","Peru",1
"La Resistencia Mx","Venezuela",3
"La Resistencia Mx","World",22
"La filosof√≠a Red Pill","Argentina",2
"La filosof√≠a Red Pill","Bolivia",63
"La filosof√≠a Red Pill","Brazil",9
"La filosof√≠a Red Pill","Chile",2
"La filosof√≠a Red Pill","Colombia",52
"La filosof√≠a Red Pill","Costa Rica",1
"La filosof√≠a Red Pill","Ecuador",1
"La filosof√≠a Red Pill","European Union",90
"La filosof√≠a Red Pill","Honduras",1
"La filosof√≠a Red Pill","Institutions",21
"La filosof√≠a Red Pill","International",118
"La filosof√≠a Red Pill","LA",5
"La filosof√≠a Red Pill","Mexico",12
"La filosof√≠a Red Pill","Nicaragua",1
"La filosof√≠a Red Pill","North America",62
"La filosof√≠a Red Pill","Paraguay",1
"La filosof√≠a Red Pill","Peru",3
"La filosof√≠a Red Pill","Venezuela",4
"La filosof√≠a Red Pill","World",32
"Latinoam√©rica Unida por la Familia Natural y la Vida","Argentina",20
"Latinoam√©rica Unida por la Familia Natural y la Vida","Bolivia",70
"Latinoam√©rica Unida por la Familia Natural y la Vida","Brazil",15
"Latinoam√©rica Unida por la Familia Natural y la Vida","Chile",1
"Latinoam√©rica Unida por la Familia Natural y la Vida","Colombia",21
"Latinoam√©rica Unida por la Familia Natural y la Vida","Costa Rica",2
"Latinoam√©rica Unida por la Familia Natural y la Vida","Dominican Republic",1
"Latinoam√©rica Unida por la Familia Natural y la Vida","Ecuador",5
"Latinoam√©rica Unida por la Familia Natural y la Vida","El Salvador",1
"Latinoam√©rica Unida por la Familia Natural y la Vida","European Union",96
"Latinoam√©rica Unida por la Familia Natural y la Vida","Institutions",18
"Latinoam√©rica Unida por la Familia Natural y la Vida","International",136
"Latinoam√©rica Unida por la Familia Natural y la Vida","LA",10
"Latinoam√©rica Unida por la Familia Natural y la Vida","Mexico",26
"Latinoam√©rica Unida por la Familia Natural y la Vida","Nicaragua",1
"Latinoam√©rica Unida por la Familia Natural y la Vida","North America",68
"Latinoam√©rica Unida por la Familia Natural y la Vida","Paraguay",1
"Latinoam√©rica Unida por la Familia Natural y la Vida","Peru",14
"Latinoam√©rica Unida por la Familia Natural y la Vida","Uruguay",5
"Latinoam√©rica Unida por la Familia Natural y la Vida","Venezuela",9
"Latinoam√©rica Unida por la Familia Natural y la Vida","World",30
"Libertad y Equidad : Contra el Feminismo Autoritario","Argentina",83
"Libertad y Equidad : Contra el Feminismo Autoritario","Bolivia",11
"Libertad y Equidad : Contra el Feminismo Autoritario","Brazil",3
"Libertad y Equidad : Contra el Feminismo Autoritario","Colombia",2
"Libertad y Equidad : Contra el Feminismo Autoritario","Ecuador",2
"Libertad y Equidad : Contra el Feminismo Autoritario","European Union",18
"Libertad y Equidad : Contra el Feminismo Autoritario","Institutions",5
"Libertad y Equidad : Contra el Feminismo Autoritario","International",49
"Libertad y Equidad : Contra el Feminismo Autoritario","LA",3
"Libertad y Equidad : Contra el Feminismo Autoritario","Mexico",4
"Libertad y Equidad : Contra el Feminismo Autoritario","Nicaragua",1
"Libertad y Equidad : Contra el Feminismo Autoritario","North America",13
"Libertad y Equidad : Contra el Feminismo Autoritario","Paraguay",3
"Libertad y Equidad : Contra el Feminismo Autoritario","Peru",2
"Libertad y Equidad : Contra el Feminismo Autoritario","World",6
"Mamela","Argentina",55
"Mamela","Bolivia",46
"Mamela","Brazil",44
"Mamela","Chile",20
"Mamela","Colombia",16
"Mamela","Costa Rica",1
"Mamela","Dominican Republic",1
"Mamela","Ecuador",69
"Mamela","El Salvador",1
"Mamela","European Union",67
"Mamela","Honduras",3
"Mamela","Institutions",38
"Mamela","International",466
"Mamela","LA",15
"Mamela","Mexico",84
"Mamela","Nicaragua",3
"Mamela","North America",216
"Mamela","Paraguay",6
"Mamela","Peru",14
"Mamela","Uruguay",1
"Mamela","Venezuela",4
"Mamela","World",25
"Manuel Mendoza: STEM, ate√≠smo, antifeminismo y m√°s v2.0","Argentina",1
"Manuel Mendoza: STEM, ate√≠smo, antifeminismo y m√°s v2.0","Bolivia",3
"Manuel Mendoza: STEM, ate√≠smo, antifeminismo y m√°s v2.0","Colombia",3
"Manuel Mendoza: STEM, ate√≠smo, antifeminismo y m√°s v2.0","European Union",1
"Manuel Mendoza: STEM, ate√≠smo, antifeminismo y m√°s v2.0","Institutions",10
"Manuel Mendoza: STEM, ate√≠smo, antifeminismo y m√°s v2.0","International",45
"Manuel Mendoza: STEM, ate√≠smo, antifeminismo y m√°s v2.0","Mexico",5
"Manuel Mendoza: STEM, ate√≠smo, antifeminismo y m√°s v2.0","North America",5
"Manuel Mendoza: STEM, ate√≠smo, antifeminismo y m√°s v2.0","Venezuela",1
"Manuel Mendoza: STEM, ate√≠smo, antifeminismo y m√°s v2.0","World",1
"Masculinismo Liberal","Argentina",2
"Masculinismo Liberal","Chile",1
"Masculinismo Liberal","Colombia",4
"Masculinismo Liberal","Ecuador",1
"Masculinismo Liberal","European Union",3
"Masculinismo Liberal","Institutions",4
"Masculinismo Liberal","International",38
"Masculinismo Liberal","LA",1
"Masculinismo Liberal","Mexico",24
"Masculinismo Liberal","North America",12
"Masculinismo Liberal","World",1
"Masculinismo: La igualdad de todos","European Union",3
"Masculinismo: La igualdad de todos","International",1
"Masculinismo: La igualdad de todos","Mexico",1
"Masculinismo: La igualdad de todos","North America",1
"Memes y shitpost antifeminista","Argentina",13
"Memes y shitpost antifeminista","Bolivia",12
"Memes y shitpost antifeminista","Brazil",2
"Memes y shitpost antifeminista","Chile",1
"Memes y shitpost antifeminista","Colombia",4
"Memes y shitpost antifeminista","European Union",5
"Memes y shitpost antifeminista","Honduras",1
"Memes y shitpost antifeminista","Institutions",30
"Memes y shitpost antifeminista","International",28
"Memes y shitpost antifeminista","LA",2
"Memes y shitpost antifeminista","Mexico",5
"Memes y shitpost antifeminista","North America",11
"Memes y shitpost antifeminista","Peru",1
"Memes y shitpost antifeminista","Uruguay",1
"Memes y shitpost antifeminista","Venezuela",1
"Memes y shitpost antifeminista","World",13
"Movimiento Ola Celeste Nacional Solidaridad Vida y Familia","Argentina",15
"Movimiento Ola Celeste Nacional Solidaridad Vida y Familia","Bolivia",15
"Movimiento Ola Celeste Nacional Solidaridad Vida y Familia","Brazil",2
"Movimiento Ola Celeste Nacional Solidaridad Vida y Familia","Chile",3
"Movimiento Ola Celeste Nacional Solidaridad Vida y Familia","Colombia",7
"Movimiento Ola Celeste Nacional Solidaridad Vida y Familia","Dominican Republic",1
"Movimiento Ola Celeste Nacional Solidaridad Vida y Familia","Ecuador",2
"Movimiento Ola Celeste Nacional Solidaridad Vida y Familia","El Salvador",2
"Movimiento Ola Celeste Nacional Solidaridad Vida y Familia","European Union",15
"Movimiento Ola Celeste Nacional Solidaridad Vida y Familia","Institutions",29
"Movimiento Ola Celeste Nacional Solidaridad Vida y Familia","International",128
"Movimiento Ola Celeste Nacional Solidaridad Vida y Familia","LA",3
"Movimiento Ola Celeste Nacional Solidaridad Vida y Familia","Mexico",211
"Movimiento Ola Celeste Nacional Solidaridad Vida y Familia","North America",24
"Movimiento Ola Celeste Nacional Solidaridad Vida y Familia","Peru",3
"Movimiento Ola Celeste Nacional Solidaridad Vida y Familia","Venezuela",1
"Movimiento Ola Celeste Nacional Solidaridad Vida y Familia","World",2
"NADIE MENOS PERU","Argentina",20
"NADIE MENOS PERU","Bolivia",10
"NADIE MENOS PERU","Chile",7
"NADIE MENOS PERU","Colombia",2
"NADIE MENOS PERU","Ecuador",3
"NADIE MENOS PERU","El Salvador",2
"NADIE MENOS PERU","European Union",23
"NADIE MENOS PERU","Institutions",36
"NADIE MENOS PERU","International",114
"NADIE MENOS PERU","LA",30
"NADIE MENOS PERU","Mexico",15
"NADIE MENOS PERU","North America",27
"NADIE MENOS PERU","Paraguay",2
"NADIE MENOS PERU","Peru",151
"NADIE MENOS PERU","Uruguay",17
"NADIE MENOS PERU","Venezuela",2
"NADIE MENOS PERU","World",13
"NO + Ideolog√≠a de G√©nero","Argentina",31
"NO + Ideolog√≠a de G√©nero","Bolivia",16
"NO + Ideolog√≠a de G√©nero","Brazil",4
"NO + Ideolog√≠a de G√©nero","Chile",23
"NO + Ideolog√≠a de G√©nero","Colombia",12
"NO + Ideolog√≠a de G√©nero","Costa Rica",1
"NO + Ideolog√≠a de G√©nero","Dominican Republic",2
"NO + Ideolog√≠a de G√©nero","Ecuador",3
"NO + Ideolog√≠a de G√©nero","El Salvador",2
"NO + Ideolog√≠a de G√©nero","European Union",38
"NO + Ideolog√≠a de G√©nero","Honduras",5
"NO + Ideolog√≠a de G√©nero","Institutions",11
"NO + Ideolog√≠a de G√©nero","International",91
"NO + Ideolog√≠a de G√©nero","LA",4
"NO + Ideolog√≠a de G√©nero","Mexico",25
"NO + Ideolog√≠a de G√©nero","North America",10
"NO + Ideolog√≠a de G√©nero","Peru",25
"NO + Ideolog√≠a de G√©nero","Uruguay",1
"NO + Ideolog√≠a de G√©nero","Venezuela",1
"NO + Ideolog√≠a de G√©nero","World",22
"NO A LA IDEOLOG√çA DE G√âNERO","Argentina",346
"NO A LA IDEOLOG√çA DE G√âNERO","Bolivia",128
"NO A LA IDEOLOG√çA DE G√âNERO","Brazil",11
"NO A LA IDEOLOG√çA DE G√âNERO","Chile",24
"NO A LA IDEOLOG√çA DE G√âNERO","Colombia",50
"NO A LA IDEOLOG√çA DE G√âNERO","Costa Rica",7
"NO A LA IDEOLOG√çA DE G√âNERO","Dominican Republic",3
"NO A LA IDEOLOG√çA DE G√âNERO","Ecuador",19
"NO A LA IDEOLOG√çA DE G√âNERO","El Salvador",5
"NO A LA IDEOLOG√çA DE G√âNERO","European Union",285
"NO A LA IDEOLOG√çA DE G√âNERO","Honduras",2
"NO A LA IDEOLOG√çA DE G√âNERO","Institutions",128
"NO A LA IDEOLOG√çA DE G√âNERO","International",686
"NO A LA IDEOLOG√çA DE G√âNERO","LA",36
"NO A LA IDEOLOG√çA DE G√âNERO","Mexico",225
"NO A LA IDEOLOG√çA DE G√âNERO","Nicaragua",3
"NO A LA IDEOLOG√çA DE G√âNERO","North America",212
"NO A LA IDEOLOG√çA DE G√âNERO","Panama",4
"NO A LA IDEOLOG√çA DE G√âNERO","Paraguay",4
"NO A LA IDEOLOG√çA DE G√âNERO","Peru",63
"NO A LA IDEOLOG√çA DE G√âNERO","Uruguay",2
"NO A LA IDEOLOG√çA DE G√âNERO","Venezuela",8
"NO A LA IDEOLOG√çA DE G√âNERO","World",50
"NO A La Ideologia De Genero En El PERU","Bolivia",2
"NO A La Ideologia De Genero En El PERU","Ecuador",1
"NO A La Ideologia De Genero En El PERU","European Union",1
"NO A La Ideologia De Genero En El PERU","Institutions",2
"NO A La Ideologia De Genero En El PERU","International",35
"NO A La Ideologia De Genero En El PERU","North America",3
"NO A La Ideologia De Genero En El PERU","Peru",32
"NO a la IDEOLOG√çA de G√âNERO en el PER√ö","Argentina",51
"NO a la IDEOLOG√çA de G√âNERO en el PER√ö","Bolivia",99
"NO a la IDEOLOG√çA de G√âNERO en el PER√ö","Brazil",12
"NO a la IDEOLOG√çA de G√âNERO en el PER√ö","Chile",20
"NO a la IDEOLOG√çA de G√âNERO en el PER√ö","Colombia",48
"NO a la IDEOLOG√çA de G√âNERO en el PER√ö","Dominican Republic",19
"NO a la IDEOLOG√çA de G√âNERO en el PER√ö","Ecuador",13
"NO a la IDEOLOG√çA de G√âNERO en el PER√ö","El Salvador",1
"NO a la IDEOLOG√çA de G√âNERO en el PER√ö","European Union",117
"NO a la IDEOLOG√çA de G√âNERO en el PER√ö","Honduras",1
"NO a la IDEOLOG√çA de G√âNERO en el PER√ö","Institutions",130
"NO a la IDEOLOG√çA de G√âNERO en el PER√ö","International",988
"NO a la IDEOLOG√çA de G√âNERO en el PER√ö","LA",51
"NO a la IDEOLOG√çA de G√âNERO en el PER√ö","Mexico",23
"NO a la IDEOLOG√çA de G√âNERO en el PER√ö","Nicaragua",1
"NO a la IDEOLOG√çA de G√âNERO en el PER√ö","North America",179
"NO a la IDEOLOG√çA de G√âNERO en el PER√ö","Paraguay",2
"NO a la IDEOLOG√çA de G√âNERO en el PER√ö","Peru",644
"NO a la IDEOLOG√çA de G√âNERO en el PER√ö","Uruguay",3
"NO a la IDEOLOG√çA de G√âNERO en el PER√ö","Venezuela",14
"NO a la IDEOLOG√çA de G√âNERO en el PER√ö","World",68
"Nadie Menos Centroam√©rica","Argentina",119
"Nadie Menos Centroam√©rica","Bolivia",23
"Nadie Menos Centroam√©rica","Brazil",8
"Nadie Menos Centroam√©rica","Chile",7
"Nadie Menos Centroam√©rica","Colombia",22
"Nadie Menos Centroam√©rica","Costa Rica",1
"Nadie Menos Centroam√©rica","Dominican Republic",5
"Nadie Menos Centroam√©rica","Ecuador",6
"Nadie Menos Centroam√©rica","El Salvador",76
"Nadie Menos Centroam√©rica","European Union",52
"Nadie Menos Centroam√©rica","Honduras",3
"Nadie Menos Centroam√©rica","Institutions",30
"Nadie Menos Centroam√©rica","International",2922
"Nadie Menos Centroam√©rica","LA",661
"Nadie Menos Centroam√©rica","Mexico",105
"Nadie Menos Centroam√©rica","North America",63
"Nadie Menos Centroam√©rica","Paraguay",1
"Nadie Menos Centroam√©rica","Peru",7
"Nadie Menos Centroam√©rica","Uruguay",1
"Nadie Menos Centroam√©rica","World",58
"No a La Ideologia De Genero","Bolivia",3
"No a La Ideologia De Genero","Dominican Republic",1
"No a La Ideologia De Genero","Institutions",3
"No a La Ideologia De Genero","International",18
"No a La Ideologia De Genero","North America",5
"No a La Ideologia De Genero","Peru",26
"No a la Ideolog√≠a de G√©nero y a la Cultura de la Muerte en Bolivia","Argentina",11
"No a la Ideolog√≠a de G√©nero y a la Cultura de la Muerte en Bolivia","Bolivia",60
"No a la Ideolog√≠a de G√©nero y a la Cultura de la Muerte en Bolivia","Brazil",4
"No a la Ideolog√≠a de G√©nero y a la Cultura de la Muerte en Bolivia","Colombia",7
"No a la Ideolog√≠a de G√©nero y a la Cultura de la Muerte en Bolivia","Dominican Republic",1
"No a la Ideolog√≠a de G√©nero y a la Cultura de la Muerte en Bolivia","European Union",9
"No a la Ideolog√≠a de G√©nero y a la Cultura de la Muerte en Bolivia","Honduras",1
"No a la Ideolog√≠a de G√©nero y a la Cultura de la Muerte en Bolivia","Institutions",11
"No a la Ideolog√≠a de G√©nero y a la Cultura de la Muerte en Bolivia","International",46
"No a la Ideolog√≠a de G√©nero y a la Cultura de la Muerte en Bolivia","LA",3
"No a la Ideolog√≠a de G√©nero y a la Cultura de la Muerte en Bolivia","Mexico",2
"No a la Ideolog√≠a de G√©nero y a la Cultura de la Muerte en Bolivia","North America",26
"No a la Ideolog√≠a de G√©nero y a la Cultura de la Muerte en Bolivia","Paraguay",1
"No a la Ideolog√≠a de G√©nero y a la Cultura de la Muerte en Bolivia","Peru",4
"No a la Ideolog√≠a de G√©nero y a la Cultura de la Muerte en Bolivia","World",1
"OLA CELESTE C√≥rdoba, Ver","Argentina",63
"OLA CELESTE C√≥rdoba, Ver","Bolivia",62
"OLA CELESTE C√≥rdoba, Ver","Brazil",14
"OLA CELESTE C√≥rdoba, Ver","Chile",4
"OLA CELESTE C√≥rdoba, Ver","Colombia",19
"OLA CELESTE C√≥rdoba, Ver","Costa Rica",2
"OLA CELESTE C√≥rdoba, Ver","Dominican Republic",5
"OLA CELESTE C√≥rdoba, Ver","Ecuador",2
"OLA CELESTE C√≥rdoba, Ver","El Salvador",1
"OLA CELESTE C√≥rdoba, Ver","European Union",103
"OLA CELESTE C√≥rdoba, Ver","Guatemala",1
"OLA CELESTE C√≥rdoba, Ver","Honduras",2
"OLA CELESTE C√≥rdoba, Ver","Institutions",56
"OLA CELESTE C√≥rdoba, Ver","International",417
"OLA CELESTE C√≥rdoba, Ver","LA",10
"OLA CELESTE C√≥rdoba, Ver","Mexico",505
"OLA CELESTE C√≥rdoba, Ver","Nicaragua",1
"OLA CELESTE C√≥rdoba, Ver","North America",110
"OLA CELESTE C√≥rdoba, Ver","Paraguay",3
"OLA CELESTE C√≥rdoba, Ver","Peru",5
"OLA CELESTE C√≥rdoba, Ver","Uruguay",1
"OLA CELESTE C√≥rdoba, Ver","Venezuela",3
"OLA CELESTE C√≥rdoba, Ver","World",35
"Ola Celeste - Argentina","Argentina",449
"Ola Celeste - Argentina","Bolivia",43
"Ola Celeste - Argentina","Brazil",5
"Ola Celeste - Argentina","Chile",10
"Ola Celeste - Argentina","Colombia",28
"Ola Celeste - Argentina","Costa Rica",1
"Ola Celeste - Argentina","Ecuador",8
"Ola Celeste - Argentina","El Salvador",1
"Ola Celeste - Argentina","European Union",128
"Ola Celeste - Argentina","Guatemala",1
"Ola Celeste - Argentina","Institutions",49
"Ola Celeste - Argentina","International",253
"Ola Celeste - Argentina","LA",8
"Ola Celeste - Argentina","Mexico",34
"Ola Celeste - Argentina","Nicaragua",2
"Ola Celeste - Argentina","North America",85
"Ola Celeste - Argentina","Paraguay",2
"Ola Celeste - Argentina","Peru",11
"Ola Celeste - Argentina","Uruguay",4
"Ola Celeste - Argentina","World",44
"Ola Celeste- La Plata","Argentina",55
"Ola Celeste- La Plata","Bolivia",3
"Ola Celeste- La Plata","Brazil",1
"Ola Celeste- La Plata","Chile",1
"Ola Celeste- La Plata","European Union",11
"Ola Celeste- La Plata","Institutions",5
"Ola Celeste- La Plata","International",39
"Ola Celeste- La Plata","Mexico",4
"Ola Celeste- La Plata","North America",14
"Ola Celeste- La Plata","Peru",2
"Ola Celeste- La Plata","World",3
"POR LA FAMILIA ORIGINAL","Argentina",3
"POR LA FAMILIA ORIGINAL","Bolivia",99
"POR LA FAMILIA ORIGINAL","Brazil",9
"POR LA FAMILIA ORIGINAL","Chile",5
"POR LA FAMILIA ORIGINAL","Colombia",19
"POR LA FAMILIA ORIGINAL","Cuba",1
"POR LA FAMILIA ORIGINAL","Dominican Republic",15
"POR LA FAMILIA ORIGINAL","El Salvador",2
"POR LA FAMILIA ORIGINAL","European Union",36
"POR LA FAMILIA ORIGINAL","Institutions",28
"POR LA FAMILIA ORIGINAL","International",163
"POR LA FAMILIA ORIGINAL","LA",5
"POR LA FAMILIA ORIGINAL","Mexico",7
"POR LA FAMILIA ORIGINAL","North America",116
"POR LA FAMILIA ORIGINAL","Panama",1
"POR LA FAMILIA ORIGINAL","Paraguay",1
"POR LA FAMILIA ORIGINAL","Peru",3
"POR LA FAMILIA ORIGINAL","Venezuela",2
"POR LA FAMILIA ORIGINAL","World",41
"Parejas Reales","Argentina",35
"Parejas Reales","Bolivia",10
"Parejas Reales","Brazil",3
"Parejas Reales","Chile",9
"Parejas Reales","Colombia",10
"Parejas Reales","Ecuador",4
"Parejas Reales","El Salvador",2
"Parejas Reales","European Union",37
"Parejas Reales","Honduras",1
"Parejas Reales","Institutions",24
"Parejas Reales","International",188
"Parejas Reales","LA",15
"Parejas Reales","Mexico",22
"Parejas Reales","North America",48
"Parejas Reales","Panama",1
"Parejas Reales","Peru",144
"Parejas Reales","World",6
"Patri-Arcadio","Argentina",38
"Patri-Arcadio","Bolivia",36
"Patri-Arcadio","Brazil",9
"Patri-Arcadio","Chile",14
"Patri-Arcadio","Colombia",11
"Patri-Arcadio","Costa Rica",1
"Patri-Arcadio","Dominican Republic",3
"Patri-Arcadio","Ecuador",5
"Patri-Arcadio","European Union",43
"Patri-Arcadio","Institutions",30
"Patri-Arcadio","International",262
"Patri-Arcadio","LA",30
"Patri-Arcadio","Mexico",19
"Patri-Arcadio","North America",113
"Patri-Arcadio","Panama",2
"Patri-Arcadio","Paraguay",1
"Patri-Arcadio","Peru",150
"Patri-Arcadio","Venezuela",3
"Patri-Arcadio","World",39
"Patriarcado Incorporated","Argentina",24
"Patriarcado Incorporated","Bolivia",17
"Patriarcado Incorporated","Brazil",8
"Patriarcado Incorporated","Chile",3
"Patriarcado Incorporated","Colombia",7
"Patriarcado Incorporated","Ecuador",9
"Patriarcado Incorporated","European Union",25
"Patriarcado Incorporated","Institutions",29
"Patriarcado Incorporated","International",110
"Patriarcado Incorporated","LA",8
"Patriarcado Incorporated","Mexico",36
"Patriarcado Incorporated","North America",79
"Patriarcado Incorporated","Peru",3
"Patriarcado Incorporated","Venezuela",3
"Patriarcado Incorporated","World",20
"Patriarcado Incorporated: The Rebirth","Argentina",12
"Patriarcado Incorporated: The Rebirth","Bolivia",13
"Patriarcado Incorporated: The Rebirth","Brazil",3
"Patriarcado Incorporated: The Rebirth","Chile",2
"Patriarcado Incorporated: The Rebirth","Colombia",2
"Patriarcado Incorporated: The Rebirth","Ecuador",10
"Patriarcado Incorporated: The Rebirth","El Salvador",1
"Patriarcado Incorporated: The Rebirth","European Union",14
"Patriarcado Incorporated: The Rebirth","Institutions",30
"Patriarcado Incorporated: The Rebirth","International",67
"Patriarcado Incorporated: The Rebirth","LA",2
"Patriarcado Incorporated: The Rebirth","Mexico",21
"Patriarcado Incorporated: The Rebirth","North America",48
"Patriarcado Incorporated: The Rebirth","Peru",3
"Patriarcado Incorporated: The Rebirth","Venezuela",4
"Patriarcado Incorporated: The Rebirth","World",9
"Pol√≠ticamente Incorrecto","Argentina",1
"Pol√≠ticamente Incorrecto","Bolivia",2
"Pol√≠ticamente Incorrecto","Colombia",1
"Pol√≠ticamente Incorrecto","Ecuador",1
"Pol√≠ticamente Incorrecto","International",2
"Pol√≠ticamente Incorrecto","Nicaragua",3
"Pol√≠ticamente Incorrecto","North America",1
"Pro-life WORLD","El Salvador",2
"Pro-life WORLD","European Union",1
"Pro-life WORLD","Institutions",3
"Pro-life WORLD","International",30
"Pro-life WORLD","LA",3
"Pro-life WORLD","Mexico",8
"Pro-life WORLD","North America",11
"Pro-life WORLD","Peru",1
"Pro-life WORLD","Uruguay",1
"Pro-life WORLD","World",3
"Profesionales contra la Ideolog√≠a de G√©nero CR","Argentina",12
"Profesionales contra la Ideolog√≠a de G√©nero CR","Bolivia",17
"Profesionales contra la Ideolog√≠a de G√©nero CR","Brazil",6
"Profesionales contra la Ideolog√≠a de G√©nero CR","Chile",4
"Profesionales contra la Ideolog√≠a de G√©nero CR","Colombia",11
"Profesionales contra la Ideolog√≠a de G√©nero CR","Costa Rica",47
"Profesionales contra la Ideolog√≠a de G√©nero CR","Ecuador",4
"Profesionales contra la Ideolog√≠a de G√©nero CR","El Salvador",2
"Profesionales contra la Ideolog√≠a de G√©nero CR","European Union",64
"Profesionales contra la Ideolog√≠a de G√©nero CR","Honduras",1
"Profesionales contra la Ideolog√≠a de G√©nero CR","Institutions",24
"Profesionales contra la Ideolog√≠a de G√©nero CR","International",122
"Profesionales contra la Ideolog√≠a de G√©nero CR","LA",6
"Profesionales contra la Ideolog√≠a de G√©nero CR","Mexico",6
"Profesionales contra la Ideolog√≠a de G√©nero CR","North America",80
"Profesionales contra la Ideolog√≠a de G√©nero CR","Peru",6
"Profesionales contra la Ideolog√≠a de G√©nero CR","Venezuela",1
"Profesionales contra la Ideolog√≠a de G√©nero CR","World",26
"Red PRO VIDA Latinoam√©rica","Argentina",42
"Red PRO VIDA Latinoam√©rica","Bolivia",61
"Red PRO VIDA Latinoam√©rica","Brazil",14
"Red PRO VIDA Latinoam√©rica","Chile",5
"Red PRO VIDA Latinoam√©rica","Colombia",36
"Red PRO VIDA Latinoam√©rica","Costa Rica",2
"Red PRO VIDA Latinoam√©rica","Dominican Republic",35
"Red PRO VIDA Latinoam√©rica","Ecuador",8
"Red PRO VIDA Latinoam√©rica","El Salvador",1
"Red PRO VIDA Latinoam√©rica","European Union",162
"Red PRO VIDA Latinoam√©rica","Institutions",42
"Red PRO VIDA Latinoam√©rica","International",234
"Red PRO VIDA Latinoam√©rica","LA",17
"Red PRO VIDA Latinoam√©rica","Mexico",11
"Red PRO VIDA Latinoam√©rica","Nicaragua",1
"Red PRO VIDA Latinoam√©rica","North America",180
"Red PRO VIDA Latinoam√©rica","Panama",1
"Red PRO VIDA Latinoam√©rica","Paraguay",1
"Red PRO VIDA Latinoam√©rica","Peru",308
"Red PRO VIDA Latinoam√©rica","Venezuela",2
"Red PRO VIDA Latinoam√©rica","World",23
"Red Provida Latam","Argentina",11
"Red Provida Latam","Bolivia",25
"Red Provida Latam","Brazil",12
"Red Provida Latam","Chile",2
"Red Provida Latam","Colombia",162
"Red Provida Latam","Dominican Republic",2
"Red Provida Latam","Ecuador",5
"Red Provida Latam","European Union",51
"Red Provida Latam","Institutions",22
"Red Provida Latam","International",104
"Red Provida Latam","LA",11
"Red Provida Latam","Mexico",12
"Red Provida Latam","North America",49
"Red Provida Latam","Peru",1
"Red Provida Latam","World",14
"Republica Dominicana Dice NO al Matrimonio Homosexual y SI a la Familia","Argentina",1
"Republica Dominicana Dice NO al Matrimonio Homosexual y SI a la Familia","European Union",3
"Republica Dominicana Dice NO al Matrimonio Homosexual y SI a la Familia","International",3
"Republica Dominicana Dice NO al Matrimonio Homosexual y SI a la Familia","North America",1
"Republica Dominicana Dice NO al Matrimonio Homosexual y SI a la Familia","World",2
"Resistencia Celeste El Salvador","El Salvador",18
"Resistencia Celeste El Salvador","Institutions",1
"Resistencia Celeste El Salvador","International",78
"Resistencia Celeste El Salvador","Mexico",1
"Resistencia Celeste El Salvador","World",1
"Salvemos La Familia","Argentina",2
"Salvemos La Familia","Bolivia",2
"Salvemos La Familia","Brazil",3
"Salvemos La Familia","Chile",1
"Salvemos La Familia","El Salvador",5
"Salvemos La Familia","European Union",7
"Salvemos La Familia","Institutions",2
"Salvemos La Familia","International",17
"Salvemos La Familia","LA",1
"Salvemos La Familia","North America",6
"Salvemos La Familia","Peru",17
"Salvemos La Familia","World",2
"Salvemos las dos Vidas","Argentina",4
"Salvemos las dos Vidas","Bolivia",2
"Salvemos las dos Vidas","European Union",3
"Salvemos las dos Vidas","Institutions",1
"Salvemos las dos Vidas","International",10
"Salvemos las dos Vidas","LA",1
"Salvemos las dos Vidas","Mexico",5
"Salvemos las dos Vidas","North America",2
"Salvemos las dos Vidas","World",1
"Sistema Antifeminista","Argentina",8
"Sistema Antifeminista","Bolivia",7
"Sistema Antifeminista","Chile",2
"Sistema Antifeminista","Colombia",5
"Sistema Antifeminista","Dominican Republic",1
"Sistema Antifeminista","Ecuador",3
"Sistema Antifeminista","El Salvador",2
"Sistema Antifeminista","European Union",31
"Sistema Antifeminista","Institutions",8
"Sistema Antifeminista","International",9
"Sistema Antifeminista","LA",1
"Sistema Antifeminista","Mexico",7
"Sistema Antifeminista","North America",19
"Sistema Antifeminista","Peru",3
"Sistema Antifeminista","World",1
"The Antifeminist Warriors 0.3","Argentina",227
"The Antifeminist Warriors 0.3","Bolivia",24
"The Antifeminist Warriors 0.3","Brazil",8
"The Antifeminist Warriors 0.3","Chile",10
"The Antifeminist Warriors 0.3","Colombia",37
"The Antifeminist Warriors 0.3","Costa Rica",2
"The Antifeminist Warriors 0.3","Dominican Republic",5
"The Antifeminist Warriors 0.3","Ecuador",5
"The Antifeminist Warriors 0.3","El Salvador",110
"The Antifeminist Warriors 0.3","European Union",53
"The Antifeminist Warriors 0.3","Honduras",7
"The Antifeminist Warriors 0.3","Institutions",30
"The Antifeminist Warriors 0.3","International",877
"The Antifeminist Warriors 0.3","LA",47
"The Antifeminist Warriors 0.3","Mexico",119
"The Antifeminist Warriors 0.3","North America",66
"The Antifeminist Warriors 0.3","Panama",1
"The Antifeminist Warriors 0.3","Peru",11
"The Antifeminist Warriors 0.3","World",59
"Unidad Provida","Argentina",55
"Unidad Provida","Bolivia",5
"Unidad Provida","Chile",2
"Unidad Provida","Colombia",2
"Unidad Provida","European Union",2
"Unidad Provida","Institutions",2
"Unidad Provida","International",15
"Unidad Provida","LA",1
"Unidad Provida","Mexico",1
"Unidad Provida","North America",4
"Unidad Provida","Uruguay",3
"Voluntarios antifeministas","Argentina",4
"Voluntarios antifeministas","Bolivia",12
"Voluntarios antifeministas","Brazil",2
"Voluntarios antifeministas","Chile",1
"Voluntarios antifeministas","Colombia",5
"Voluntarios antifeministas","El Salvador",4
"Voluntarios antifeministas","European Union",6
"Voluntarios antifeministas","Institutions",11
"Voluntarios antifeministas","International",39
"Voluntarios antifeministas","LA",3
"Voluntarios antifeministas","Mexico",20
"Voluntarios antifeministas","North America",19
"Voluntarios antifeministas","World",3
"Yo Defiendo la Familia","Argentina",29
"Yo Defiendo la Familia","Bolivia",54
"Yo Defiendo la Familia","Brazil",6
"Yo Defiendo la Familia","Chile",4
"Yo Defiendo la Familia","Colombia",17
"Yo Defiendo la Familia","Dominican Republic",3
"Yo Defiendo la Familia","Ecuador",3
"Yo Defiendo la Familia","El Salvador",1
"Yo Defiendo la Familia","European Union",61
"Yo Defiendo la Familia","Institutions",35
"Yo Defiendo la Familia","International",220
"Yo Defiendo la Familia","LA",8
"Yo Defiendo la Familia","Mexico",444
"Yo Defiendo la Familia","North America",53
"Yo Defiendo la Familia","Paraguay",2
"Yo Defiendo la Familia","Peru",7
"Yo Defiendo la Familia","World",12
"no a la ideolog√≠a de g√©nero en M√©xico","Argentina",33
"no a la ideolog√≠a de g√©nero en M√©xico","Bolivia",42
"no a la ideolog√≠a de g√©nero en M√©xico","Brazil",6
"no a la ideolog√≠a de g√©nero en M√©xico","Chile",14
"no a la ideolog√≠a de g√©nero en M√©xico","Colombia",15
"no a la ideolog√≠a de g√©nero en M√©xico","Costa Rica",2
"no a la ideolog√≠a de g√©nero en M√©xico","Dominican Republic",7
"no a la ideolog√≠a de g√©nero en M√©xico","Ecuador",3
"no a la ideolog√≠a de g√©nero en M√©xico","European Union",55
"no a la ideolog√≠a de g√©nero en M√©xico","Institutions",27
"no a la ideolog√≠a de g√©nero en M√©xico","International",136
"no a la ideolog√≠a de g√©nero en M√©xico","LA",7
"no a la ideolog√≠a de g√©nero en M√©xico","Mexico",118
"no a la ideolog√≠a de g√©nero en M√©xico","Nicaragua",1
"no a la ideolog√≠a de g√©nero en M√©xico","North America",72
"no a la ideolog√≠a de g√©nero en M√©xico","Panama",1
"no a la ideolog√≠a de g√©nero en M√©xico","Paraguay",3
"no a la ideolog√≠a de g√©nero en M√©xico","Peru",23
"no a la ideolog√≠a de g√©nero en M√©xico","Uruguay",1
"no a la ideolog√≠a de g√©nero en M√©xico","Venezuela",3
"no a la ideolog√≠a de g√©nero en M√©xico","World",16
"¬°¬°Somos La Generaci√≥n Pro-vida!!","Argentina",239
"¬°¬°Somos La Generaci√≥n Pro-vida!!","Bolivia",100
"¬°¬°Somos La Generaci√≥n Pro-vida!!","Brazil",42
"¬°¬°Somos La Generaci√≥n Pro-vida!!","Chile",11
"¬°¬°Somos La Generaci√≥n Pro-vida!!","Colombia",329
"¬°¬°Somos La Generaci√≥n Pro-vida!!","Costa Rica",11
"¬°¬°Somos La Generaci√≥n Pro-vida!!","Dominican Republic",9
"¬°¬°Somos La Generaci√≥n Pro-vida!!","Ecuador",22
"¬°¬°Somos La Generaci√≥n Pro-vida!!","El Salvador",6
"¬°¬°Somos La Generaci√≥n Pro-vida!!","European Union",168
"¬°¬°Somos La Generaci√≥n Pro-vida!!","Honduras",5
"¬°¬°Somos La Generaci√≥n Pro-vida!!","Institutions",123
"¬°¬°Somos La Generaci√≥n Pro-vida!!","International",641
"¬°¬°Somos La Generaci√≥n Pro-vida!!","LA",38
"¬°¬°Somos La Generaci√≥n Pro-vida!!","Mexico",462
"¬°¬°Somos La Generaci√≥n Pro-vida!!","Nicaragua",1
"¬°¬°Somos La Generaci√≥n Pro-vida!!","North America",169
"¬°¬°Somos La Generaci√≥n Pro-vida!!","Paraguay",1
"¬°¬°Somos La Generaci√≥n Pro-vida!!","Peru",33
"¬°¬°Somos La Generaci√≥n Pro-vida!!","Uruguay",4
"¬°¬°Somos La Generaci√≥n Pro-vida!!","Venezuela",3
"¬°¬°Somos La Generaci√≥n Pro-vida!!","World",63
